timestamp_ms,timestamp_μs,freeAcceleration_m/s²_x,freeAcceleration_m/s²_y,freeAcceleration_m/s²_z
1747033677426,787366109,0.48864135,-1.0098172,1.552535
1747033677443,787382776,0.043676667,-1.1310753,1.747982
1747033677459,787399443,0.06409234,-1.2458044,1.812521
1747033677476,787416110,0.4138995,-1.093968,1.8149328
1747033677493,787432777,0.24558598,-1.1110518,1.8139887
1747033677509,787449444,0.053719774,-0.9363532,2.4866552
1747033677526,787466111,-0.2967548,-0.73554313,2.4959946
1747033677543,787482778,-0.513051,-0.63357294,1.8034782
1747033677559,787499445,-0.5661067,-0.4837019,0.9475622
1747033677576,787516112,-0.41070482,-0.41846946,0.23499489
1747033677593,787532779,0.0053875563,-0.49472314,0.16150188
1747033677609,787549446,0.6730771,-0.67214483,0.807744
1747033677626,787566113,0.87110084,-0.4874547,0.18439865
1747033677643,787582780,0.5607848,-0.48250234,-0.6425657
1747033677659,787599447,0.4751796,-0.16299348,-1.1702147
1747033677676,787616114,0.58148974,-0.24308509,-1.4269371
1747033677693,787632781,0.74749184,-0.1913899,-1.3952084
1747033677709,787649448,0.95699674,-0.35527185,-1.0592222
1747033677726,787666115,0.78510994,-0.25049746,-0.87606716
1747033677743,787682782,1.0285858,-0.12857091,-0.7747793
1747033677759,787699449,1.0233642,-0.23270291,-0.9340782
1747033677776,787716116,-0.5070872,0.36430153,-2.4688044
1747033677793,787732783,-0.42918342,0.08284731,-1.6382818
1747033677809,787749450,-0.096337214,0.30861863,-0.9831581
1747033677826,787766117,0.46330547,0.10954347,-0.74954987
1747033677843,787782784,0.13286023,-0.20593813,-1.1780386
1747033677859,787799451,-0.6593754,0.2066822,-1.614665
1747033677876,787816118,-0.55589795,0.080343746,-1.4561148
1747033677893,787832785,-0.21831092,-0.19505462,-1.2449312
1747033677909,787849452,-0.30527142,-0.24229184,-1.7567816
1747033677926,787866119,-0.6923551,-0.2163431,-2.0137334
1747033677943,787882786,-0.878444,-0.208688,-1.5634174
1747033677959,787899453,-0.74088496,0.14125572,-1.2664862
1747033677976,787916120,-0.82773966,0.26843572,-1.6106081
1747033677993,787932787,-1.2936407,0.54889035,-2.265788
1747033678009,787949454,-1.2350072,0.88549966,-2.3508787
1747033678026,787966121,-0.8885212,1.036773,-2.0694509
1747033678043,787982788,-0.5790986,0.8260829,-1.2811909
1747033678059,787999455,-0.007979748,1.1215284,-0.12564945
1747033678076,788016122,-0.2299441,1.5513216,0.31475258
1747033678093,788032789,-0.27820054,1.6642424,0.28772163
1747033678109,788049456,-0.08483356,1.6791022,0.37620258
1747033678126,788066123,0.23830448,1.9438609,0.68346596
1747033678143,788082790,-0.20514421,2.020097,0.7936497
1747033678159,788099457,-0.36545563,1.6416694,0.7829809
1747033678176,788116124,-0.70576096,1.336854,0.34571934
1747033678193,788132791,-0.5018866,1.1962076,0.21722603
1747033678209,788149458,-0.7113216,1.5762819,-0.34108543
1747033678226,788166125,-0.8466545,1.8746315,-0.5901356
1747033678243,788182792,-0.88555723,2.5085678,-0.7381401
1747033678259,788199459,-1.9391153,2.4174805,-0.524209
1747033678276,788216126,-1.2077687,1.4548597,0.42971516
1747033678293,788232793,-0.6654599,2.4295075,-0.028995514
1747033678309,788249460,-0.52496,2.0602074,0.595294
1747033678326,788266127,-0.47133797,1.3438448,1.2760448
1747033678343,788282794,-1.4203867,0.8304362,0.02550602
1747033678359,788299461,-1.0540601,0.9573339,-0.2551298
1747033678376,788316128,-0.6360847,1.5143584,-0.21315002
1747033678393,788332795,-1.0893966,1.469627,-0.93877125
1747033678409,788349462,-1.5597743,1.8274604,-1.1906509
1747033678426,788366129,-1.9012564,2.0808542,-1.0486221
1747033678443,788382796,-1.2721053,2.4530354,0.116521835
1747033678459,788399463,-1.0449182,2.487478,0.75640583
1747033678476,788416130,-1.4352708,2.134365,-0.2315321
1747033678493,788432797,-1.1783687,1.4328618,-0.37204647
1747033678509,788449464,-0.9484798,1.1192718,0.029118538
1747033678526,788466131,-0.8861767,1.0083696,0.376379
1747033678543,788482798,-1.0437818,0.98636,0.30297375
1747033678559,788499465,-0.4743696,0.43094662,-0.013431549
1747033678576,788516132,0.042028707,0.031642504,-0.0049858093
1747033678593,788532799,-0.027681967,-0.14812025,0.07953262
1747033678609,788549466,0.053737096,-0.03341407,0.40100574
1747033678626,788566133,0.38131735,-0.11795583,0.48957253
1747033678643,788582800,0.41803226,-0.30757326,0.42677212
1747033678659,788599467,0.16737421,-0.4392765,0.21071911
1747033678676,788616134,0.23713338,-0.5265212,0.22898674
1747033678693,788632801,0.3864235,-0.42869046,0.1365099
1747033678709,788649468,0.87412685,-0.7277937,-0.08392048
1747033678726,788666135,1.0127734,-0.81081694,-0.24390984
1747033678743,788682802,0.97138566,-0.86627364,-0.11001778
1747033678759,788699469,0.7385379,-0.5634393,-0.48238373
1747033678776,788716136,0.0028043613,-0.62963825,-0.9696951
1747033678793,788732803,0.41056487,-0.49172917,-0.80208683
1747033678809,788749470,0.6338954,-0.51278406,-0.6476536
1747033678826,788766137,0.5489022,-0.5382668,-0.56365204
1747033678843,788782804,0.11525854,-0.56569076,-0.70046616
1747033678859,788799471,0.5196693,-0.63873667,-0.5799608
1747033678876,788816138,0.1214789,-0.5879239,-0.63601494
1747033678893,788832805,-0.19290392,-0.44230118,-0.8258028
1747033678909,788849472,-0.15412605,-0.32945833,-1.1435976
1747033678926,788866139,-0.07221636,-0.2824587,-1.1866779
1747033678943,788882806,-0.22160901,-0.118349105,-1.1761646
1747033678959,788899473,-0.48478082,0.062337764,-1.0915117
1747033678976,788916140,-0.66078144,0.22145641,-1.0245142
1747033678993,788932807,-0.50606483,0.34365764,-1.0003929
1747033679009,788949474,-0.32189018,0.5308844,-0.85194683
1747033679026,788966141,-0.26331705,0.5559936,-0.9017782
1747033679043,788982808,-0.2739762,0.26645386,-0.9781027
1747033679059,788999475,-0.48056784,0.29101062,-0.77622414
1747033679076,789016142,-0.36902964,0.2540921,-0.59498787
1747033679093,789032809,-0.28335857,0.29364237,-0.54440594
1747033679109,789049476,-0.40012535,0.25491485,-0.5881977
1747033679126,789066143,-0.15216234,0.30400702,-0.55176926
1747033679143,789082810,-0.35857284,0.21683964,-0.63320637
1747033679159,789099477,-0.4714152,0.06628712,-0.55045223
1747033679176,789116144,-0.34450936,0.24250318,-0.4050846
1747033679193,789132811,-0.60032785,0.23991953,-0.41252995
1747033679209,789149478,-0.6220647,0.19994435,-0.3880787
1747033679226,789166145,-0.59425056,0.27649194,-0.310009
1747033679243,789182812,-0.5300029,0.21180266,-0.5825329
1747033679259,789199479,-0.58759516,0.12847854,-0.75860596
1747033679276,789216146,-0.45500982,0.2804862,-0.6135359
1747033679293,789232813,-0.49809092,0.28309113,-0.35579872
1747033679309,789249480,-0.48091823,0.30161217,-0.08542919
1747033679326,789266147,-0.4202869,0.354791,0.023272514
1747033679343,789282814,-0.47490713,0.34784165,-0.097990036
1747033679359,789299481,-0.4489422,0.26024848,-0.28126526
1747033679376,789316148,-0.44588372,0.24250479,-0.34524727
1747033679393,789332815,-0.36460185,0.301266,-0.27583504
1747033679409,789349482,-0.3378055,0.26701915,-0.307909
1747033679426,789366149,-0.28309563,0.24131306,-0.22045135
1747033679443,789382816,-0.50800675,0.28855145,-0.15770245
1747033679459,789399483,-0.44470572,0.18742889,-0.22036743
1747033679476,789416150,-0.34156808,0.16394754,-0.2954836
1747033679493,789432817,-0.35892242,0.20273256,-0.4487257
1747033679509,789449484,-0.24752657,0.21484607,-0.4968958
1747033679526,789466151,-0.14175555,0.3035709,-0.45508862
1747033679543,789482818,-0.081570216,0.2247655,-0.44494915
1747033679559,789499485,-0.31460115,0.21437703,-0.37793922
1747033679576,789516152,-0.0993653,0.1434866,-0.4228859
1747033679593,789532819,-0.056648836,0.12522954,-0.3829918
1747033679609,789549486,0.07287898,0.12042317,-0.3719101
1747033679626,789566153,-0.10855324,0.09898858,-0.41340256
1747033679643,789582820,-0.38004416,0.044080276,-0.3774767
1747033679659,789599487,-0.28905421,0.15829645,-0.3352232
1747033679676,789616154,-0.18590179,0.09357004,-0.42531776
1747033679693,789632821,-0.22208989,-0.0019510445,-0.4612398
1747033679709,789649488,-0.18268056,0.024575446,-0.46809292
1747033679726,789666155,-0.09402343,-0.0077526867,-0.43117237
1747033679743,789682822,0.031105684,-0.011961883,-0.41343212
1747033679759,789699489,-0.095899545,0.019224713,-0.3731594
1747033679776,789716156,-0.112023115,0.03347292,-0.2918377
1747033679793,789732823,-0.11028219,-0.0070533426,-0.31918907
1747033679809,789749490,-0.06291542,-0.0053282278,-0.36381626
1747033679826,789766157,-0.0033888824,-0.10594905,-0.39492226
1747033679843,789782824,0.22259331,-0.087455705,-0.28506374
1747033679859,789799491,0.085690714,-0.0836188,-0.21998405
1747033679876,789816158,-0.26964933,-0.08242688,-0.30360222
1747033679893,789832825,-0.20425664,-0.10121321,-0.44481373
1747033679909,789849492,-0.17603406,-0.008109651,-0.45082188
1747033679926,789866159,-0.34751287,-0.08810524,-0.4417343
1747033679943,789882826,-0.5883897,-0.023496237,-0.39923573
1747033679959,789899493,-0.8084753,-0.03694401,-0.44577217
1747033679976,789916160,-0.69157887,-0.035829093,-0.5384331
1747033679993,789932827,-0.51747227,-0.10863534,-0.63577557
1747033680009,789949494,-0.40228885,-0.0015310323,-0.6828861
1747033680026,789966161,-0.5754683,0.029603519,-0.61168766
1747033680043,789982828,-0.3101776,0.26113057,-0.45202827
1747033680059,789999495,-0.17103933,0.38709235,-0.33663464
1747033680076,790016162,-0.10345781,0.30441895,-0.33145142
1747033680093,790032829,0.22302969,0.2519705,-0.3371477
1747033680109,790049496,0.2726159,0.17459838,-0.3694811
1747033680126,790066163,0.07476824,0.04466561,-0.2904749
1747033680143,790082830,0.035264045,-0.048269298,-0.30713367
1747033680159,790099497,0.0077135437,-0.17469776,-0.30221272
1747033680176,790116164,0.113306984,-0.18831708,-0.29384804
1747033680193,790132831,0.0012967105,-0.16778198,-0.26316452
1747033680209,790149498,-0.014936281,-0.15117586,-0.32425213
1747033680226,790166165,-0.11665267,-0.10741359,-0.315794
1747033680243,790182832,-0.12027073,-0.06992209,-0.37173557
1747033680259,790199499,-0.14741291,-0.08838408,-0.37797832
1747033680276,790216166,-0.05154189,-0.053003136,-0.34681892
1747033680293,790232833,-0.12102514,-0.02369405,-0.37115097
1747033680309,790249500,-0.18028365,0.0052236794,-0.25679302
1747033680326,790266167,-0.06625726,0.054820295,-0.2800331
1747033680343,790282834,-0.097856626,-0.013279435,-0.31766987
1747033680359,790299501,0.05431172,0.023183588,-0.3308754
1747033680376,790316168,-0.066737644,-0.026599592,-0.21223354
1747033680393,790332835,-0.122932546,-0.089579046,-0.20230198
1747033680409,790349502,0.012003009,-0.09013846,-0.3330822
1747033680426,790366169,-0.061643895,-0.1282182,-0.35231018
1747033680443,790382836,-0.081244364,-0.09403206,-0.3465128
1747033680459,790399503,-0.12120772,-0.06951501,-0.38141155
1747033680476,790416170,-0.19278996,-0.15764935,-0.45983124
1747033680493,790432837,-0.23081337,-0.1700985,-0.5154047
1747033680509,790449504,-0.14797989,-0.20289662,-0.56414795
1747033680526,790466171,-0.2510423,-0.1634495,-0.53818893
1747033680543,790482838,-0.32487425,-0.16948295,-0.54178333
1747033680559,790499505,-0.30752409,-0.04636494,-0.5948429
1747033680576,790516172,-0.3137343,-0.09071746,-0.6579485
1747033680593,790532839,-0.15683605,-0.04575545,-0.60423946
1747033680609,790549506,0.0111055765,0.03304541,-0.5706701
1747033680626,790566173,-0.061868887,-0.031643037,-0.5624943
1747033680643,790582840,-0.0064898385,-0.0145422,-0.52062416
1747033680659,790599507,-0.0014595955,-0.035285626,-0.5035944
1747033680676,790616174,-0.035245143,-0.10104359,-0.54436016
1747033680693,790632841,-0.10662652,-0.16299959,-0.52356625
1747033680709,790649508,-0.12631273,-0.22852533,-0.4624796
1747033680726,790666175,-0.14665267,-0.1799643,-0.40896988
1747033680743,790682842,-0.08404718,-0.16392398,-0.4092226
1747033680759,790699509,-0.058166116,-0.18008232,-0.41055012
1747033680776,790716176,-0.022660973,-0.18954913,-0.3871584
1747033680793,790732843,0.05297707,-0.13723852,-0.415802
1747033680809,790749510,0.07769651,-0.1783894,-0.4091606
1747033680826,790766177,0.06840234,-0.1484322,-0.3671589
1747033680843,790782844,0.23476024,-0.18870416,-0.38194084
1747033680859,790799511,0.20702069,-0.17042427,-0.33378506
1747033680876,790816178,0.12480567,-0.14107469,-0.2752037
1747033680893,790832845,0.15209536,-0.2012356,-0.28296375
1747033680909,790849512,0.2814083,-0.19852747,-0.42425632
1747033680926,790866179,0.29977185,-0.21477643,-0.37857914
1747033680943,790882846,0.21078211,-0.16630286,-0.28330326
1747033680959,790899513,0.1092072,-0.2771637,-0.34815025
1747033680976,790916180,0.20981865,-0.25447613,-0.49746227
1747033680993,790932847,0.055066552,-0.2645666,-0.40429974
1747033681009,790949514,0.049707327,-0.18713929,-0.3249445
1747033681026,790966181,0.118470974,-0.17858467,-0.34652328
1747033681043,790982848,0.033150323,-0.16561022,-0.3619547
1747033681059,790999515,0.07920517,-0.2096729,-0.3721447
1747033681076,791016182,0.1736686,-0.18794975,-0.37780094
1747033681093,791032849,0.07753955,-0.10147485,-0.3362503
1747033681109,791049516,0.07421407,-0.21538304,-0.34338665
1747033681126,791066183,0.1826062,-0.20157611,-0.28895855
1747033681143,791082850,0.23318642,-0.13483818,-0.18532753
1747033681159,791099517,0.2049209,-0.1469096,-0.20209599
1747033681176,791116184,0.18497792,-0.22868589,-0.3242817
1747033681193,791132851,0.18530911,-0.20749234,-0.37408733
1747033681209,791149518,0.22272043,-0.22322479,-0.34220695
1747033681226,791166185,0.20456073,-0.18504092,-0.3167591
1747033681243,791182852,0.14963634,-0.20712845,-0.2920437
1747033681259,791199519,0.18200727,-0.16695705,-0.4098816
1747033681276,791216186,0.058544524,-0.25033578,-0.3578472
1747033681293,791232853,0.0533816,-0.26406732,-0.39472198
1747033681309,791249520,0.03576548,-0.2889181,-0.4949293
1747033681326,791266187,0.044392858,-0.31843406,-0.5340204
1747033681343,791282854,0.09742572,-0.33055088,-0.4723959
1747033681359,791299521,0.11855373,-0.2677314,-0.4871521
1747033681376,791316188,0.15260859,-0.23855801,-0.45876694
1747033681393,791332855,0.18033181,-0.23397134,-0.48513126
1747033681409,791349522,0.23539603,-0.23166364,-0.49477577
1747033681426,791366189,0.27625397,-0.16578685,-0.4756279
1747033681443,791382856,0.29179356,-0.17767635,-0.43906116
1747033681459,791399523,0.21982233,-0.16294128,-0.3957901
1747033681476,791416190,0.2601706,-0.19026351,-0.35007095
1747033681493,791432857,0.19040832,-0.19661449,-0.29571438
1747033681509,791449524,0.06253194,-0.2580355,-0.20752716
1747033681526,791466191,0.07362846,-0.24051997,-0.20200348
1747033681543,791482858,0.14349405,-0.2514745,-0.21477413
1747033681559,791499525,0.04838916,-0.2660667,-0.2248106
1747033681576,791516192,0.124391,-0.2951966,-0.22263908
1747033681593,791532859,0.34290785,-0.22342283,-0.16618156
1747033681609,791549526,0.32173905,-0.17327066,-0.09578419
1747033681626,791566193,0.32360175,-0.3040096,-0.18023872
1747033681643,791582860,0.3446923,-0.27111447,-0.27079582
1747033681659,791599527,0.24780144,-0.33983555,-0.35105228
1747033681676,791616194,0.3686757,-0.3694166,-0.38336945
1747033681693,791632861,0.4103432,-0.2981707,-0.22748089
1747033681709,791649528,0.44785547,-0.22756876,-0.14684105
1747033681726,791666195,0.35529044,-0.31669998,-0.28004837
1747033681743,791682862,0.37948176,-0.38537288,-0.38183212
1747033681759,791699529,0.35552827,-0.37444818,-0.51572514
1747033681776,791716196,0.21820799,-0.46286166,-0.57990646
1747033681793,791732863,0.1870319,-0.44354954,-0.5355005
1747033681809,791749530,0.055425067,-0.43323296,-0.4826641
1747033681826,791766197,-0.03878866,-0.4286815,-0.52924633
1747033681843,791782864,0.010501365,-0.38718373,-0.65899754
1747033681859,791799531,-0.013463414,-0.37861297,-0.615365
1747033681876,791816198,-0.017008834,-0.35786054,-0.5680094
1747033681893,791832865,0.061989475,-0.31275907,-0.5535774
1747033681909,791849532,0.14850223,-0.20534378,-0.52144814
1747033681926,791866199,0.11249061,-0.25206912,-0.525506
1747033681943,791882866,0.16374001,-0.26249337,-0.5880518
1747033681959,791899533,0.29006657,-0.21323396,-0.49909878
1747033681976,791916200,0.23393403,-0.12644365,-0.3790331
1747033681993,791932867,0.26912487,-0.18688941,-0.38434124
1747033682009,791949534,0.3439287,-0.19406171,-0.40993404
1747033682026,791966201,0.35487267,-0.20559323,-0.37511158
1747033682043,791982868,0.3036397,-0.27624613,-0.34980774
1747033682059,791999535,0.3015259,-0.20578517,-0.33988953
1747033682076,792016202,0.2061156,-0.21707363,-0.3868866
1747033682093,792032869,0.2698057,-0.28706345,-0.4015541
1747033682109,792049536,0.22112699,-0.25916234,-0.33895397
1747033682126,792066203,0.25780326,-0.32669085,-0.36546135
1747033682143,792082870,0.21735129,-0.31690803,-0.37399292
1747033682159,792099537,0.31134638,-0.34626728,-0.36056137
1747033682176,792116204,0.44337806,-0.363219,-0.39422607
1747033682193,792132871,0.40390587,-0.36760825,-0.38793278
1747033682209,792149538,0.5894779,-0.4177914,-0.44449234
1747033682226,792166205,0.59383243,-0.26798722,-0.26610184
1747033682243,792182872,0.6057723,-0.18031013,-0.09437752
1747033682259,792199539,0.6838398,-0.096501715,-0.10553169
1747033682276,792216206,0.57241863,-0.16108961,-0.17518139
1747033682293,792232873,0.24821895,-0.23129669,-0.09751415
1747033682309,792249540,0.210626,-0.34981,-0.22511768
1747033682326,792266207,0.1938581,-0.3980191,-0.3864727
1747033682343,792282874,0.15109828,-0.4366865,-0.41003704
1747033682359,792299541,0.18167195,-0.4543225,-0.478446
1747033682376,792316208,0.34500748,-0.4952686,-0.5081482
1747033682393,792332875,0.34308273,-0.49844947,-0.4090538
1747033682409,792349542,0.4160604,-0.43708616,-0.36110497
1747033682426,792366209,0.46751738,-0.40636232,-0.31898212
1747033682443,792382876,0.44436672,-0.37089014,-0.2639017
1747033682459,792399543,0.5217509,-0.30861452,-0.38058853
1747033682476,792416210,0.4454442,-0.32722923,-0.44982052
1747033682493,792432877,0.24081923,-0.33979324,-0.4289503
1747033682509,792449544,0.3135397,-0.3959529,-0.46982765
1747033682526,792466211,0.2565569,-0.38174573,-0.48865986
1747033682543,792482878,0.3148256,-0.31565982,-0.37009907
1747033682559,792499545,0.1886964,-0.27885082,-0.28841686
1747033682576,792516212,0.17154887,-0.3412171,-0.41934776
1747033682593,792532879,0.33875188,-0.36124235,-0.56576633
1747033682609,792549546,0.31898648,-0.39919326,-0.5314703
1747033682626,792566213,0.40646246,-0.38369727,-0.56305695
1747033682643,792582880,0.3203211,-0.35376373,-0.48729992
1747033682659,792599547,0.34215736,-0.3562307,-0.48414803
1747033682676,792616214,0.44261175,-0.33983907,-0.5584154
1747033682693,792632881,0.34963697,-0.34001133,-0.47378635
1747033682709,792649548,0.2444539,-0.32778394,-0.42440605
1747033682726,792666215,0.268166,-0.26260498,-0.46748352
1747033682743,792682882,0.1909082,-0.22470638,-0.48697567
1747033682759,792699549,0.31098443,-0.16128954,-0.43371582
1747033682776,792716216,0.2651449,-0.07121123,-0.30098534
1747033682793,792732883,0.23969063,-0.111461245,-0.3224182
1747033682809,792749550,0.34113172,-0.18129924,-0.39438248
1747033682826,792766217,0.37491766,-0.22982138,-0.44904804
1747033682843,792782884,0.26813358,-0.28690895,-0.50933075
1747033682859,792799551,0.20672719,-0.39042723,-0.54651356
1747033682876,792816218,0.23863517,-0.34236553,-0.5133333
1747033682893,792832885,0.13251798,-0.42473987,-0.520071
1747033682909,792849552,0.20358175,-0.47465646,-0.685585
1747033682926,792866219,0.48138008,-0.47233635,-0.6727791
1747033682943,792882886,0.5776741,-0.42481318,-0.57359314
1747033682959,792899553,0.6539804,-0.42344603,-0.52115345
1747033682976,792916220,0.6122911,-0.4283488,-0.55761814
1747033682993,792932887,0.57865864,-0.52251756,-0.5731249
1747033683009,792949554,0.52363026,-0.5410088,-0.49874115
1747033683026,792966221,0.3434374,-0.53994286,-0.43523693
1747033683043,792982888,0.056943934,-0.5054859,-0.44986343
1747033683059,792999555,-0.049040336,-0.59019357,-0.6239157
1747033683076,793016222,-0.16261266,-0.6666981,-0.75687313
1747033683093,793032889,-0.16293357,-0.7255986,-0.8874388
1747033683109,793049556,-0.059199084,-0.77511877,-0.82304955
1747033683126,793066223,0.16569912,-0.54535484,-0.65801525
1747033683143,793082890,0.4065492,-0.37406865,-0.41012764
1747033683159,793099557,0.27679592,-0.19903281,-0.35619545
1747033683176,793116224,0.20818925,-0.2377891,-0.46397114
1747033683193,793132891,0.3863269,-0.3659652,-0.82504845
1747033683209,793149558,0.51383424,-0.4736338,-1.1038704
1747033683226,793166225,0.2262977,-0.49247447,-1.2091408
1747033683243,793182892,0.4269839,-0.3769086,-1.0352745
1747033683259,793199559,0.97842294,0.006907277,-0.7976818
1747033683276,793216226,1.2029449,0.2686162,-0.7937517
1747033683293,793232893,0.86962503,0.1989063,-0.85309315
1747033683309,793249560,0.80366415,-0.02401211,-0.9619436
1747033683326,793266227,0.8168051,-0.12925391,-1.0656548
1747033683343,793282894,0.78224033,-0.24187946,-1.1995459
1747033683359,793299561,0.7313246,-0.5575887,-1.2924566
1747033683376,793316228,0.26381636,-0.71312904,-1.3289528
1747033683393,793332895,0.16234194,-0.63733244,-1.1053295
1747033683409,793349562,0.3547771,-0.63803136,-1.1090851
1747033683426,793366229,0.4945062,-0.59849495,-0.9980278
1747033683443,793382896,0.67773205,-0.65190685,-1.0221834
1747033683459,793399563,0.46960205,-0.63617843,-0.7320461
1747033683476,793416230,0.79432225,-0.38163763,-0.4352703
1747033683493,793432897,1.3115811,-0.34655437,-0.21467972
1747033683509,793449564,1.1965839,-0.31184125,-0.15415001
1747033683526,793466231,0.4616192,0.2982385,1.324048
1747033683543,793482898,4.158418,-0.014946088,3.6157455
1747033683559,793499565,0.16388327,-0.4568987,-0.51971054
1747033683576,793516232,0.29438546,-1.1723624,-1.6483669
1747033683593,793532899,1.4181579,-0.7120229,-0.79509926
1747033683609,793549566,2.0328379,-0.7569709,0.011903763
1747033683626,793566233,1.9463857,-0.85626227,0.2963314
1747033683643,793582900,0.745537,-0.88879883,-0.008747101
1747033683659,793599567,0.0029635583,-0.7293471,-0.39896297
1747033683676,793616234,0.20307247,-0.65927356,-0.6990557
1747033683693,793632901,0.8526449,-0.4501817,-0.34664345
1747033683709,793649568,1.3861228,-0.4151125,-0.2062149
1747033683726,793666235,1.0331584,-0.7639,-0.7618246
1747033683743,793682902,0.08173947,-0.47502872,-1.0249014
1747033683759,793699569,0.14637305,-0.46541902,-0.701046
1747033683776,793716236,0.14498514,-0.32068634,-0.47925854
1747033683793,793732903,1.7282444,-0.30046824,0.29479027
1747033683809,793749570,3.4343317,-0.13931249,2.490178
1747033683826,793766237,3.9295845,-0.7935863,2.4341173
1747033683843,793782904,1.1607566,-0.26459688,0.604043
1747033683859,793799571,0.673509,-0.37616807,0.862031
1747033683876,793816238,0.6248306,-0.25342414,1.2650566
1747033683893,793832905,0.6626948,-0.42807984,1.0105419
1747033683909,793849572,-0.15360224,-0.46669304,-0.118579865
1747033683926,793866239,0.73529416,-0.35251948,0.19925594
1747033683943,793882906,0.621283,-0.55768514,-0.40611553
1747033683959,793899573,1.1848079,-0.7835016,-0.28880596
1747033683976,793916240,1.2369708,-0.7520254,-0.7378874
1747033683993,793932907,0.5740671,-0.7178807,-1.06851
1747033684009,793949574,0.9595152,-0.35757244,-0.32362652
1747033684026,793966241,0.661853,-0.5398428,-0.4526024
1747033684043,793982908,0.4708059,-0.2148154,-0.5569105
1747033684059,793999575,0.9834002,-0.1079172,0.16093922
1747033684076,794016242,0.7550412,-0.07202839,0.3134098
1747033684093,794032909,0.9988937,-0.02852897,0.44034195
1747033684109,794049576,1.2155732,-0.15188198,0.3239317
1747033684126,794066243,0.951788,-0.15613073,-0.30358887
1747033684143,794082910,0.81992143,0.19510312,-0.4742546
1747033684159,794099577,0.87744135,-0.10873235,-0.6782217
1747033684176,794116244,0.69217783,0.079519875,-0.80073357
1747033684193,794132911,0.91455054,0.07522373,-0.3372078
1747033684209,794149578,1.2488005,-0.04736977,-0.1481657
1747033684226,794166245,1.1213323,-0.1914936,-0.56182766
1747033684243,794182912,1.4895324,-0.12397079,-0.63477993
1747033684259,794199579,1.3566008,-0.0021437127,-0.7258053
1747033684276,794216246,1.0198333,0.1177569,-0.6809864
1747033684293,794232913,0.9919127,0.078899406,-0.3513193
1747033684309,794249580,1.1258641,0.059850287,0.099788666
1747033684326,794266247,1.5787694,-0.036181383,0.36757755
1747033684343,794282914,1.4998468,-0.06437598,0.18545532
1747033684359,794299581,1.2851077,0.031417206,0.06188202
1747033684376,794316248,1.2331729,-0.053138863,-0.010960579
1747033684393,794332915,0.8734624,-0.12304276,-0.071398735
1747033684409,794349582,0.5795723,-0.115041,-0.38373566
1747033684426,794366249,0.9338521,-0.333442,-0.40729618
1747033684443,794382916,0.71755695,-0.3208694,-0.5914421
1747033684459,794399583,0.22959094,-0.03441429,-0.72604847
1747033684476,794416250,0.31688258,0.16524202,-0.6394434
1747033684493,794432917,0.7504213,0.10635797,-0.2978983
1747033684509,794449584,1.2199107,0.25824353,0.067723274
1747033684526,794466251,1.3657039,0.4947104,0.018161774
1747033684543,794482918,1.7442372,0.43099624,0.21457481
1747033684559,794499585,1.7832078,0.5665025,0.17146397
1747033684576,794516252,1.5629007,0.40547296,0.08045292
1747033684593,794532919,1.790275,0.35800272,-0.19984913
1747033684609,794549586,1.9769443,0.08342151,-0.70331764
1747033684626,794566253,2.6429653,0.1469362,-1.093339
1747033684643,794582920,3.0739355,-0.30440977,-1.7485847
1747033684659,794599587,2.4883008,-0.90577275,-2.147253
1747033684676,794616254,0.63459563,-1.0218052,-1.1971941
1747033684693,794632921,-0.13911268,-1.6744325,-0.5920429
1747033684709,794649588,-0.12520336,-1.8827971,-0.4303198
1747033684726,794666255,0.29930228,-2.0580683,0.1506033
1747033684743,794682922,0.91814137,-2.446461,0.56094646
1747033684759,794699589,1.0882183,-2.3359282,0.5655346
1747033684776,794716256,1.2898592,-2.0755844,0.36975098
1747033684793,794732923,1.6161797,-2.1127994,0.30926132
1747033684809,794749590,1.8655169,-1.6747147,0.47757053
1747033684826,794766257,2.0326536,-1.5871545,-0.011971474
1747033684843,794782924,1.6673617,-1.5888021,0.22281075
1747033684859,794799591,0.6429942,-1.6618888,0.113474846
1747033684876,794816258,-0.17467001,-1.6535907,0.015034676
1747033684893,794832925,-0.27548474,-1.692535,-0.0628891
1747033684909,794849592,-0.09390394,-1.777591,-0.34865952
1747033684926,794866259,0.21407154,-1.8399258,-0.56432533
1747033684943,794882926,-0.16779107,-1.7147243,-0.85206795
1747033684959,794899593,-0.7202146,-1.4611601,-0.96675205
1747033684976,794916260,-0.7705513,-1.1805154,-0.7342434
1747033684993,794932927,0.066971414,-1.0030575,-0.08029938
1747033685009,794949594,0.8588314,-0.8943339,0.6064205
1747033685026,794966261,0.577897,-0.5043313,0.8466244
1747033685043,794982928,0.090098076,-0.4043061,0.5359459
1747033685059,794999595,-0.08460926,-0.51647407,0.23269367
1747033685076,795016262,-0.048806958,-0.42206421,0.08192158
1747033685093,795032929,0.02857479,-0.25411522,-0.16705418
1747033685109,795049596,0.6792341,-0.3022607,-0.27125454
1747033685126,795066263,0.5490055,-0.29102907,-0.5492754
1747033685143,795082930,0.44773042,-0.43028748,-0.73160267
1747033685159,795099597,0.5367321,-0.52144486,-0.6654806
1747033685176,795116264,0.5057916,-0.38321397,-0.44814682
1747033685193,795132931,0.36564183,-0.20476837,-0.48011112
1747033685209,795149598,0.18202683,-0.15038253,-0.7221317
1747033685226,795166265,0.083001204,-0.057004075,-1.0039587
1747033685243,795182932,0.06484938,-0.052089807,-1.2213116
1747033685259,795199599,0.1854429,-0.08293884,-1.1311226
1747033685276,795216266,0.35574502,-0.10672241,-0.76498127
1747033685293,795232933,1.0797473,0.28598616,-0.009411812
1747033685309,795249600,0.9721059,0.48547775,0.15230751
1747033685326,795266267,1.0036212,0.5834714,0.07897949
1747033685343,795282934,0.91318786,0.45834437,-0.04057312
1747033685359,795299601,0.95061064,0.34569854,-0.098734856
1747033685376,795316268,1.2339904,0.32432154,0.13354301
1747033685393,795332935,1.3480994,0.26565567,0.08524418
1747033685409,795349602,0.8991048,0.024295077,-0.26496124
1747033685426,795366269,0.8122919,-0.2377077,-0.26919556
1747033685443,795382936,0.6674533,-0.3270075,-0.14355087
1747033685459,795399603,0.39099345,-0.2596608,-0.28370667
1747033685476,795416270,0.48485458,-0.1587,-0.44820595
1747033685493,795432937,0.7979059,-0.27343524,-0.82998943
1747033685509,795449604,0.82955796,-0.4406654,-1.0544577
1747033685526,795466271,1.1429806,-0.2710688,-0.64327526
1747033685543,795482938,1.5571419,-0.2047372,-0.024580002
1747033685559,795499605,1.387095,-0.36309847,0.03711605
1747033685576,795516272,0.9310962,-0.56699294,-0.31929207
1747033685593,795532939,0.92158973,-0.6565403,-0.14829254
1747033685609,795549606,0.6395761,-0.19947101,0.020014763
1747033685626,795566273,0.6997044,-0.25966328,-0.14741707
1747033685643,795582940,0.42643613,-0.2914799,-0.27262783
1747033685659,795599607,0.42837095,-0.47611108,-0.67402935
1747033685676,795616274,0.95476586,-0.6850122,-0.41106033
1747033685693,795632941,1.0812607,-0.5135512,0.092411995
1747033685709,795649608,1.3925905,-0.58711267,0.1340971
1747033685726,795666275,1.138442,-0.9039423,-0.076848984
1747033685743,795682942,1.4385113,-1.1815588,0.079359055
1747033685760,795699609,0.71359414,-0.8511602,-0.53809834
1747033685776,795716276,0.49170324,-0.6827623,-0.78326225
1747033685793,795732943,0.5758152,-0.75536513,-0.98620415
1747033685810,795749610,0.7194395,-0.4830734,-0.7917509
1747033685826,795766277,1.1427165,0.2999904,-0.08776474
1747033685843,795782944,1.1607302,0.5303165,0.4566431
1747033685860,795799611,1.6983494,-0.0464898,0.6468067
1747033685876,795816278,1.1729839,-0.13877417,-0.23353863
1747033685893,795832945,1.1612035,0.13088048,-0.3207245
1747033685910,795849612,0.76600283,0.11659956,-0.15995407
1747033685926,795866279,0.35760576,-0.028390616,-0.2533846
1747033685943,795882946,0.2710005,-0.084310204,-0.15496254
1747033685960,795899613,0.38039714,-0.030471968,-0.28190994
1747033685976,795916280,0.5862072,0.022676283,-0.42458344
1747033685993,795932947,0.8818393,0.063172586,0.14639568
1747033686010,795949614,1.2917187,0.24117741,0.82665443
1747033686026,795966281,0.8434324,-0.017609244,0.5427761
1747033686043,795982948,0.80572194,-0.026950745,0.7683649
1747033686060,795999615,0.675945,0.014340368,0.89318466
1747033686076,796016282,0.79208255,0.13000855,0.9758234
1747033686093,796032949,1.0026829,0.20748574,1.0741405
1747033686110,796049616,0.99630654,0.16668971,0.96029377
1747033686126,796066283,1.1511471,0.061398562,1.0779591
1747033686143,796082950,1.228747,0.18156584,1.1859426
1747033686160,796099617,1.2579671,0.14346582,1.1453114
1747033686176,796116284,1.3013041,0.08131133,1.0276604
1747033686193,796132951,1.4383919,0.088084444,0.9635916
1747033686210,796149618,1.6252067,0.19930516,0.7270565
1747033686226,796166285,1.5514505,-0.00059119175,0.1732235
1747033686243,796182952,1.5575432,-0.040546816,0.046702385
1747033686260,796199619,1.21414,-0.17258598,0.07394028
1747033686276,796216286,0.95491683,-0.3120156,-0.074645996
1747033686293,796232953,0.9726281,-0.32480523,-0.06855869
1747033686310,796249620,0.9979942,-0.19520727,-0.045401573
1747033686326,796266287,1.1030394,-0.11697942,-0.10674095
1747033686343,796282954,1.2043543,-0.3609363,-0.3942089
1747033686360,796299621,1.1664451,-0.5170616,-0.67228985
1747033686376,796316288,1.1985576,-0.39368945,-0.54386425
1747033686393,796332955,1.0605135,-0.19627579,-0.3277855
1747033686410,796349622,0.7177819,-0.43203634,-0.5211401
1747033686426,796366289,0.76164377,-0.48284084,-0.39391708
1747033686443,796382956,0.8174706,-0.3564274,-0.141469
1747033686460,796399623,0.79979765,-0.48869577,-0.28169155
1747033686476,796416290,0.93460643,-0.3909312,-0.35032177
1747033686493,796432957,1.0363821,-0.37228966,-0.4325943
1747033686510,796449624,0.8930965,-0.51147175,-0.71340275
1747033686526,796466291,0.7528319,-0.80764943,-0.76170444
1747033686543,796482958,0.500858,-0.6385725,-0.53139305
1747033686560,796499625,0.58547163,-0.487216,-0.47273827
1747033686576,796516292,0.5144976,-0.70712614,-0.59599876
1747033686593,796532959,0.29169944,-0.7885896,-0.7984133
1747033686610,796549626,0.2810216,-0.9435302,-0.7770233
1747033686626,796566293,0.22432671,-0.7595981,-0.6783085
1747033686643,796582960,0.16631633,-0.77909106,-0.7029171
1747033686660,796599627,0.11969476,-0.78107285,-0.6448927
1747033686676,796616294,0.34208065,-0.56876355,-0.4354267
1747033686693,796632961,0.46780652,-0.7520401,-0.51863956
1747033686710,796649628,0.21809545,-1.051221,-0.5956669
1747033686726,796666295,0.27322108,-0.84061277,-0.5677767
1747033686743,796682962,0.41606846,-0.8878318,-0.54046535
1747033686760,796699629,0.44499016,-0.8663038,-0.49133205
1747033686776,796716296,0.44138443,-0.7907721,-0.44437313
1747033686793,796732963,0.24020295,-0.9489919,-0.50926685
1747033686810,796749630,0.05569532,-1.0725044,-0.58550644
1747033686826,796766297,0.14801128,-0.98507065,-0.54074097
1747033686843,796782964,0.26492935,-0.8392683,-0.6556635
1747033686860,796799631,0.1499003,-1.0370104,-0.8179436
1747033686876,796816298,0.14597972,-1.0237626,-0.92726135
1747033686893,796832965,0.25184795,-0.95805925,-0.8509197
1747033686910,796849632,0.17974873,-0.79059327,-0.73055553
1747033686926,796866299,0.15941148,-0.7876714,-0.77146435
1747033686943,796882966,0.27172315,-0.8364533,-0.8446512
1747033686960,796899633,0.48402682,-0.7826305,-0.79828453
1747033686976,796916300,0.5314704,-0.7715884,-0.7493925
1747033686993,796932967,0.41398653,-0.8516112,-0.72108173
1747033687010,796949634,0.36406547,-0.86838335,-0.65128994
1747033687026,796966301,0.45329076,-0.70122796,-0.51307774
1747033687043,796982968,0.5841969,-0.6111421,-0.4806099
1747033687060,796999635,0.7032853,-0.57915705,-0.42965126
1747033687076,797016302,0.5541099,-0.7653912,-0.44892597
1747033687093,797032969,0.5514885,-0.7249106,-0.4091835
1747033687110,797049636,0.5934141,-0.65190446,-0.3384304
1747033687126,797066303,0.60238886,-0.66783404,-0.25483608
1747033687143,797082970,0.51543754,-0.55981266,-0.26072884
1747033687160,797099637,0.5822224,-0.53972644,-0.2734108
1747033687176,797116304,0.76216877,-0.52686137,-0.26952648
1747033687193,797132971,0.54093164,-0.6761782,-0.27962017
1747033687210,797149638,0.4472661,-0.6901899,-0.27004337
1747033687226,797166305,0.439326,-0.7231812,-0.34763432
1747033687243,797182972,0.6278482,-0.51945263,-0.47866058
1747033687260,797199639,0.95466375,-0.09302978,-0.3565731
1747033687276,797216306,0.86174536,-0.5749381,-0.3633461
1747033687293,797232973,0.42118457,-0.8526482,-0.42390442
1747033687310,797249640,0.5300485,-0.737119,-0.429595
1747033687326,797266307,0.60991126,-0.6681225,-0.48969936
1747033687343,797282974,0.4966667,-0.73184544,-0.5453634
1747033687360,797299641,0.52432877,-0.7407379,-0.45190334
1747033687376,797316308,0.61041147,-0.50265217,-0.23260784
1747033687393,797332975,0.5260733,-0.67489904,-0.21501732
1747033687410,797349642,0.3869186,-0.80318934,-0.30451202
1747033687426,797366309,0.49712428,-0.548986,-0.3634472
1747033687443,797382976,0.73268116,-0.37239203,-0.37465668
1747033687460,797399643,0.769579,-0.33235034,-0.39335155
1747033687476,797416310,0.6429988,-0.47322464,-0.39922047
1747033687493,797432977,0.6483693,-0.45156726,-0.33920193
1747033687510,797449644,0.6978766,-0.4955669,-0.29847908
1747033687526,797466311,0.5318044,-0.75893945,-0.38066864
1747033687543,797482978,0.42679715,-0.750027,-0.4106245
1747033687560,797499645,0.4524102,-0.6679286,-0.4457693
1747033687576,797516312,0.6564962,-0.5579743,-0.43810654
1747033687593,797532979,0.718433,-0.5719834,-0.4991808
1747033687610,797549646,0.62175447,-0.72799075,-0.5779247
1747033687626,797566313,0.59697497,-0.7045218,-0.657732
1747033687643,797582980,0.62191445,-0.705005,-0.6850004
1747033687660,797599647,0.6430376,-0.710412,-0.57063675
1747033687676,797616314,0.39056864,-0.5982468,-0.4586954
1747033687693,797632981,0.49602425,-0.31034026,-0.3795843
1747033687710,797649648,0.68075734,-0.24332213,-0.27911854
1747033687726,797666315,0.835702,-0.32772273,-0.39071083
1747033687743,797682982,0.71363086,-0.31382906,-0.40171623
1747033687760,797699649,0.5031879,-0.529294,-0.43455124
1747033687776,797716316,0.5164143,-0.4891886,-0.45935345
1747033687793,797732983,0.47271532,-0.45458254,-0.3446064
1747033687810,797749650,0.4341975,-0.3816971,-0.38856697
1747033687826,797766317,0.49444956,-0.5135123,-0.4398241
1747033687843,797782984,0.6298012,-0.39854047,-0.5172596
1747033687860,797799651,0.67325544,-0.54788053,-0.60048676
1747033687876,797816318,0.54022086,-0.64349836,-0.60967636
1747033687893,797832985,0.44584996,-0.57796603,-0.5502291
1747033687910,797849652,0.42445615,-0.56745267,-0.53643227
1747033687926,797866319,0.5193035,-0.5799044,-0.5974989
1747033687943,797882986,0.5030593,-0.5865733,-0.59456444
1747033687960,797899653,0.4231047,-0.6535133,-0.5923672
1747033687976,797916320,0.43845052,-0.7081239,-0.56066704
1747033687993,797932987,0.3769164,-0.66598403,-0.5309181
1747033688010,797949654,0.29893538,-0.7866489,-0.6498661
1747033688026,797966321,0.36423364,-0.7454578,-0.59572315
1747033688043,797982988,0.46264195,-0.57442874,-0.499197
1747033688060,797999655,0.6666406,-0.22471032,-0.37379837
1747033688076,798016322,0.64300275,-0.29104784,-0.45505428
1747033688093,798032989,0.5200073,-0.6213204,-0.5629988
1747033688110,798049656,0.41283268,-0.7380125,-0.5932617
1747033688126,798066323,0.371726,-0.764921,-0.60944843
1747033688143,798082990,0.39595056,-0.63843983,-0.4868288
1747033688160,798099657,0.3983323,-0.55516225,-0.45201874
1747033688176,798116324,0.44970846,-0.62901163,-0.5601492
1747033688193,798132991,0.45966193,-0.869743,-0.91661644
1747033688210,798149658,0.4337925,-0.9177886,-1.0720282
1747033688226,798166325,0.040372476,-0.88490367,-1.0247011
1747033688243,798182992,-0.27000132,-1.0632629,-1.0904016
1747033688260,798199659,-0.3247809,-1.2220747,-1.3078251
1747033688276,798216326,-0.053181026,-1.2950262,-1.6868563
1747033688293,798232993,0.4078738,-1.4227285,-1.925952
1747033688310,798249660,0.5506388,-1.0042008,-1.8843174
1747033688326,798266327,0.41474777,-0.76612216,-1.6774044
1747033688343,798282994,0.22462457,-1.0477092,-1.5294247
1747033688360,798299661,0.06248492,-1.3297268,-1.6347036
1747033688376,798316328,0.17216471,-1.3660445,-1.6015005
1747033688393,798332995,0.22944465,-1.2593691,-1.4864693
1747033688410,798349662,0.52037543,-0.7569401,-1.1594553
1747033688426,798366329,0.8435496,-0.5625841,-0.889761
1747033688443,798382996,0.4654504,-0.94662577,-1.0623026
1747033688460,798399663,-0.18811873,-1.6010654,-1.5111208
1747033688476,798416330,-0.14929777,-1.7717966,-1.7975435
1747033688493,798432997,0.7082044,-1.1946789,-1.5235739
1747033688510,798449664,1.4974717,-0.19829656,-0.5753479
1747033688526,798466331,1.4733897,0.73902524,0.22817707
1747033688543,798482998,1.3548089,0.9764318,0.7230797
1747033688560,798499665,1.0193146,0.23026417,0.5510025
1747033688576,798516332,0.6795635,0.157468,0.513258
1747033688593,798532999,0.73939574,0.20658542,0.88357353
1747033688610,798549666,0.6388947,0.28624007,0.7726898
1747033688626,798566333,0.7259328,0.5585895,0.5407429
1747033688643,798583000,0.7833854,0.5014844,0.6389179
1747033688660,798599667,0.64219576,0.6642776,0.8122997
1747033688676,798616334,0.6594676,0.5479324,0.934494
1747033688693,798633001,0.9563384,0.5880637,1.0598097
1747033688710,798649668,1.2379076,0.6475756,1.2955017
1747033688726,798666335,1.2007514,0.78905976,1.5424719
1747033688743,798683002,0.9019244,0.6864586,1.4549055
1747033688760,798699669,0.76203793,0.5332552,1.4943743
1747033688776,798716336,0.68456405,0.3238345,1.2841034
1747033688793,798733003,0.52758336,0.049204588,1.0441704
1747033688810,798749670,0.41359106,-0.1993302,0.7678404
1747033688826,798766337,0.6581338,-0.21468687,0.7840586
1747033688843,798783004,0.66092813,-0.17599075,0.7597313
1747033688860,798799671,0.8249434,-0.30622035,0.6938391
1747033688876,798816338,0.9607532,-0.33045185,0.7724409
1747033688893,798833005,0.78857505,-0.46618322,0.23494625
1747033688910,798849672,0.7956128,-0.3400289,-0.107284546
1747033688926,798866339,1.0339077,-0.15229368,-0.107213974
1747033688943,798883006,0.8546592,-0.2799723,-0.023293495
1747033688960,798899673,0.8166979,-0.26504612,0.14356136
1747033688976,798916340,0.76218253,-0.21370476,0.09051895
1747033688993,798933007,0.63914925,-0.17891563,0.15465355
1747033689010,798949674,0.79778314,-0.14393117,0.14701843
1747033689026,798966341,0.7893344,-0.22396311,-0.23611069
1747033689043,798983008,0.7555251,-0.255999,-0.3704872
1747033689060,798999675,0.86082363,-0.08047092,-0.15771484
1747033689076,799016342,0.9077205,-0.09553078,-0.06289005
1747033689093,799033009,0.73002976,-0.059831288,0.013381004
1747033689110,799049676,0.59090286,-0.12486439,-0.07989216
1747033689126,799066343,0.47306272,-0.118139334,0.21036339
1747033689143,799083010,0.29728565,-0.20055303,-0.26064396
1747033689160,799099677,0.6421753,-0.1905676,-0.21979141
1747033689176,799116344,0.64266074,-0.13217998,-0.31113338
1747033689193,799133011,0.8351386,-0.111745976,-0.32900333
1747033689210,799149678,0.95730937,-0.16058914,-0.4280014
1747033689226,799166345,1.0602957,-0.17426725,-0.30177498
1747033689243,799183012,0.8856256,-0.17696862,-0.22736645
1747033689260,799199679,-0.27049336,-0.16345078,-0.33679295
1747033689276,799216346,0.6208533,-0.30413765,0.116939545
1747033689293,799233013,0.36356953,-0.3559142,-0.15048122
1747033689310,799249680,0.4837417,-0.32193175,-0.213727
1747033689326,799266347,0.58771884,-0.23569217,-0.2804203
1747033689343,799283014,0.5223577,-0.24242818,-0.48313236
1747033689360,799299681,0.59378684,-0.22857329,-0.46224594
1747033689376,799316348,0.7670879,0.074228875,-0.18433094
1747033689393,799333015,0.8444504,-0.007571054,-0.10751724
1747033689410,799349682,0.583207,0.12532796,-0.07007694
1747033689426,799366349,0.62689775,0.44107354,0.13547993
1747033689443,799383016,0.61327475,0.8003534,0.13022041
1747033689460,799399683,0.87818253,0.8782453,0.07346821
1747033689476,799416350,0.8678456,0.81041986,-0.08511925
1747033689493,799433017,0.12801716,0.70059466,-0.7858515
1747033689510,799449684,0.5593407,0.8252912,-0.3038168
1747033689526,799466351,0.6663149,0.9633593,-0.53870773
1747033689543,799483018,0.47528622,1.273759,-0.30374146
1747033689560,799499685,0.58147675,1.5995537,0.18316078
1747033689576,799516352,1.2777197,1.495745,0.1422205
1747033689593,799533019,0.5171989,1.5006484,-0.42349815
1747033689610,799549686,0.8850656,0.662482,-0.42136478
1747033689626,799566353,0.90080416,0.48899573,-0.106404305
1747033689643,799583020,0.51363456,-0.050652284,-0.32661343
1747033689660,799599687,0.31917337,-0.31594628,-0.44887638
1747033689676,799616354,0.1303931,-0.551312,-0.49849987
1747033689693,799633021,0.20947914,-0.70722204,-0.38337135
1747033689710,799649688,0.11825646,-0.85809565,-0.5288868
1747033689726,799666355,0.04197674,-1.133687,-0.91038513
1747033689743,799683022,0.1925963,-1.1820557,-0.8613329
1747033689760,799699689,0.46623105,-1.001922,-0.50267315
1747033689776,799716356,0.2962414,-0.9653604,-0.18000317
1747033689793,799733023,0.22295551,-1.0378062,0.10544872
1747033689810,799749690,0.16260009,-0.98238724,0.03950596
1747033689826,799766357,0.23676571,-1.0267876,-0.1150713
1747033689843,799783024,0.00026821555,-0.9752986,-0.013835907
1747033689860,799799691,0.088531025,-0.8795372,0.380435
1747033689876,799816358,0.0996965,-0.74470526,0.44816875
1747033689893,799833025,0.32950413,-0.57120895,0.43516254
1747033689910,799849692,0.5435346,-0.3744715,0.25473022
1747033689926,799866359,0.7634265,-0.441806,0.07715702
1747033689943,799883026,1.0984708,-0.31806028,0.042199135
1747033689960,799899693,1.3773564,-0.17600003,-0.29239368
1747033689976,799916360,1.5640339,-0.095044635,-0.67621803
1747033689993,799933027,1.5211726,-0.14685103,-0.7786236
1747033690010,799949694,1.3335373,-0.38961336,-0.34362888
1747033690026,799966361,1.3759868,-0.38953066,-0.041377068
1747033690043,799983028,1.0791428,-0.41999716,-0.12808228
1747033690060,799999695,0.5187149,-0.45762703,-0.4130478
1747033690076,800016362,0.2029472,-0.49238473,-0.7977028
1747033690093,800033029,0.17345197,-0.81458503,-1.1218433
1747033690110,800049696,0.7065916,-1.054895,-1.0806704
1747033690126,800066363,1.3576083,-0.69248223,-0.59855175
1747033690143,800083030,1.3697058,-0.46726233,-0.3389759
1747033690160,800099697,1.064429,-0.37456772,-0.40757084
1747033690176,800116364,0.41004434,-0.35243925,-0.808238
1747033690193,800133031,-0.12714277,-0.48920527,-1.029849
1747033690210,800149698,0.17377506,-0.58351,-0.84000874
1747033690226,800166365,0.6224324,-0.46198642,-0.89942074
1747033690243,800183032,0.5777126,-0.44981423,-0.77568245
1747033690260,800199699,0.14303611,-0.48658738,-0.8527832
1747033690276,800216366,-0.4685274,-0.778,-1.0670509
1747033690293,800233033,-0.88945293,-0.8501666,-1.0038242
1747033690310,800249700,-0.9682368,-0.6345568,-0.73097706
1747033690326,800266367,-0.8225645,-0.52024484,-0.6167717
1747033690343,800283034,-0.2653595,-0.2811338,-0.43369484
1747033690360,800299701,0.39126468,0.26410493,-0.19597626
1747033690376,800316368,0.97989273,0.61341286,0.20191765
1747033690393,800333035,1.2423475,0.719988,0.5220337
1747033690410,800349702,0.8042336,0.37015858,0.3121462
1747033690426,800366369,0.425163,-0.05586863,0.08699322
1747033690443,800383036,0.5213167,-0.039642483,0.22957611
1747033690460,800399703,0.51945984,0.23771296,0.29733944
1747033690476,800416370,0.36232322,0.06947688,0.16701603
1747033690493,800433037,0.26096502,-0.08724191,-0.041305542
1747033690510,800449704,0.0786703,-0.29096296,-0.26304245
1747033690526,800466371,0.14423269,-0.36788628,-0.27638817
1747033690543,800483038,-0.11400681,-0.3636751,-0.2291975
1747033690560,800499705,-0.06867983,-0.21519352,0.0018520355
1747033690576,800516372,-0.08862591,-0.2409117,0.11980915
1747033690593,800533039,-0.39862406,-0.32861304,-0.079665184
1747033690610,800549706,-0.56625724,-0.44705233,-0.36991882
1747033690626,800566373,-0.6493007,-0.462484,-0.58060455
1747033690643,800583040,-0.1879953,-0.16871014,-0.436018
1747033690660,800599707,0.031823438,-0.11497328,-0.45697594
1747033690676,800616374,0.21952727,-0.2461124,-0.536232
1747033690693,800633041,0.49730796,0.008615586,-0.49449825
1747033690710,800649708,0.6500908,0.05714187,-0.4964466
1747033690726,800666375,0.8083011,0.15527657,-0.543437
1747033690743,800683042,0.7660921,0.122973084,-0.6636467
1747033690760,800699709,0.9100302,-0.006157838,-0.78227997
1747033690776,800716376,0.9994669,0.12725565,-0.5787163
1747033690793,800733043,0.5849789,0.16973093,-0.61340714
1747033690810,800749710,0.44705978,-0.085555844,-0.70151234
1747033690826,800766377,0.6985923,0.23997687,-0.33650303
1747033690843,800783044,0.46853188,0.37114573,-0.31721783
1747033690860,800799711,0.4934347,0.047387652,-0.32824135
1747033690876,800816378,0.4160933,-0.0053504533,-0.38825226
1747033690893,800833045,0.43864003,-0.003517535,-0.3249979
1747033690910,800849712,0.39012253,0.07799518,-0.34290123
1747033690926,800866379,0.26098177,-0.10174561,-0.33829308
1747033690943,800883046,0.15707463,-0.07643461,-0.26478767
1747033690960,800899713,0.08130552,-0.14809549,-0.32510376
1747033690976,800916380,0.096273735,-0.15468885,-0.2982235
1747033690993,800933047,0.1270679,-0.15276323,-0.25579834
1747033691010,800949714,-0.09337522,-0.18974178,-0.19652653
1747033691026,800966381,-0.18180868,-0.21962652,-0.11960983
